IOH-SAI-02-Abs-Scan_200-790_DRA-Et-05-11-20,,
Energy (eV),%T,
1.5694,37.4491309542,
1.5694,37.4491309542,
1.5714,37.6126311002,
1.5714,37.6126311002,
1.5734,37.5734966685,
1.5734,37.5734966685,
1.5754,37.4003459064,
1.5754,37.4003459064,
1.5774,37.5404898200,
1.5774,37.5404898200,
1.5794,37.7792871374,
1.5794,37.7792871374,
1.5814,37.5266792214,
1.5814,37.5266792214,
1.5835,37.5512002735,
1.5835,37.5512002735,
1.5855,37.6835585378,
1.5855,37.6835585378,
1.5875,37.4100280042,
1.5875,37.4100280042,
1.5895,37.3290216479,
1.5895,37.3290216479,
1.5916,37.5080293179,
1.5916,37.5080293179,
1.5936,37.3164411581,
1.5936,37.3164411581,
1.5957,37.5185580071,
1.5957,37.5185580071,
1.5977,37.4520761112,
1.5977,37.4520761112,
1.5998,37.5126471644,
1.5998,37.5126471644,
1.6019,37.3974715360,
1.6019,37.3974715360,
1.6039,37.5479638786,
1.6039,37.5479638786,
1.6060,37.4120715194,
1.6060,37.4120715194,
1.6081,37.4753654442,
1.6081,37.4753654442,
1.6102,37.4614425503,
1.6102,37.4614425503,
1.6123,37.5342973419,
1.6123,37.5342973419,
1.6144,37.3803402523,
1.6144,37.3803402523,
1.6165,37.4201285926,
1.6165,37.4201285926,
1.6186,37.4203442937,
1.6186,37.4203442937,
1.6207,37.4883082084,
1.6207,37.4883082084,
1.6228,37.4808383090,
1.6228,37.4808383090,
1.6250,37.2252903457,
1.6250,37.2252903457,
1.6271,37.3482694006,
1.6271,37.3482694006,
1.6292,37.2929818836,
1.6292,37.2929818836,
1.6314,37.3430747090,
1.6314,37.3430747090,
1.6335,37.3422931338,
1.6335,37.3422931338,
1.6357,37.4169599951,
1.6357,37.4169599951,
1.6378,37.2218751522,
1.6378,37.2218751522,
1.6400,37.2672024120,
1.6400,37.2672024120,
1.6422,37.3000534464,
1.6422,37.3000534464,
1.6444,37.3607657592,
1.6444,37.3607657592,
1.6465,37.3282378054,
1.6465,37.3282378054,
1.6487,37.2468692491,
1.6487,37.2468692491,
1.6509,37.3823411047,
1.6509,37.3823411047,
1.6531,37.3372120085,
1.6531,37.3372120085,
1.6553,37.2911035275,
1.6553,37.2911035275,
1.6575,37.3146153977,
1.6575,37.3146153977,
1.6598,37.1944806421,
1.6598,37.1944806421,
1.6620,37.2884217902,
1.6620,37.2884217902,
1.6642,37.2116697517,
1.6642,37.2116697517,
1.6665,37.1477913194,
1.6665,37.1477913194,
1.6687,37.2733124604,
1.6687,37.2733124604,
1.6709,37.1214549880,
1.6709,37.1214549880,
1.6732,37.0988718472,
1.6732,37.0988718472,
1.6755,37.1409117526,
1.6755,37.1409117526,
1.6777,37.1043559335,
1.6777,37.1043559335,
1.6800,37.1119851045,
1.6800,37.1119851045,
1.6823,37.0452728718,
1.6823,37.0452728718,
1.6846,37.0560352893,
1.6846,37.0560352893,
1.6869,37.0362290567,
1.6869,37.0362290567,
1.6892,37.0618233225,
1.6892,37.0618233225,
1.6915,36.9898627603,
1.6915,36.9898627603,
1.6938,36.9724716583,
1.6938,36.9724716583,
1.6961,36.9547970974,
1.6961,36.9547970974,
1.6984,36.9417191111,
1.6984,36.9417191111,
1.7007,36.8666445660,
1.7007,36.8666445660,
1.7031,36.8684838335,
1.7031,36.8684838335,
1.7054,36.8371301923,
1.7054,36.8371301923,
1.7078,36.8798351735,
1.7078,36.8798351735,
1.7101,36.7928082515,
1.7101,36.7928082515,
1.7125,36.8141162433,
1.7125,36.8141162433,
1.7149,36.7712173598,
1.7149,36.7712173598,
1.7172,36.7999970874,
1.7172,36.7999970874,
1.7196,36.7194801399,
1.7196,36.7194801399,
1.7220,36.6832610833,
1.7220,36.6832610833,
1.7244,36.6354762494,
1.7244,36.6354762494,
1.7268,36.5839978037,
1.7268,36.5839978037,
1.7292,36.5955402995,
1.7292,36.5955402995,
1.7316,36.6909622899,
1.7316,36.6909622899,
1.7340,36.6010002190,
1.7340,36.6010002190,
1.7365,36.6062423995,
1.7365,36.6062423995,
1.7389,36.4894299143,
1.7389,36.4894299143,
1.7414,36.5229988323,
1.7414,36.5229988323,
1.7438,36.4590766361,
1.7438,36.4590766361,
1.7463,36.4656072059,
1.7463,36.4656072059,
1.7487,36.4228894860,
1.7487,36.4228894860,
1.7512,36.3987230602,
1.7512,36.3987230602,
1.7537,36.3517703688,
1.7537,36.3517703688,
1.7562,36.2923863914,
1.7562,36.2923863914,
1.7586,36.1991610282,
1.7586,36.1991610282,
1.7611,36.2520756335,
1.7611,36.2520756335,
1.7636,36.2034189725,
1.7636,36.2034189725,
1.7662,36.1595493331,
1.7662,36.1595493331,
1.7687,36.1479905522,
1.7687,36.1479905522,
1.7712,36.1013389998,
1.7712,36.1013389998,
1.7737,36.0932587541,
1.7737,36.0932587541,
1.7763,36.1034225152,
1.7763,36.1034225152,
1.7788,36.0262367831,
1.7788,36.0262367831,
1.7814,36.0623688766,
1.7814,36.0623688766,
1.7839,36.0865571395,
1.7839,36.0865571395,
1.7865,36.0383649964,
1.7865,36.0383649964,
1.7891,36.0284148671,
1.7891,36.0284148671,
1.7917,36.1333433271,
1.7917,36.1333433271,
1.7943,36.1557927590,
1.7943,36.1557927590,
1.7969,36.1745547196,
1.7969,36.1745547196,
1.7995,36.1983214201,
1.7995,36.1983214201,
1.8021,36.2760949032,
1.8021,36.2760949032,
1.8047,36.2597186624,
1.8047,36.2597186624,
1.8073,36.1966670994,
1.8073,36.1966670994,
1.8100,36.2909344809,
1.8100,36.2909344809,
1.8126,36.3027681569,
1.8126,36.3027681569,
1.8153,36.3678637478,
1.8153,36.3678637478,
1.8180,36.4126857598,
1.8180,36.4126857598,
1.8206,36.3396813239,
1.8206,36.3396813239,
1.8233,36.3745626935,
1.8233,36.3745626935,
1.8260,36.3997971160,
1.8260,36.3997971160,
1.8287,36.3827358728,
1.8287,36.3827358728,
1.8314,36.3805438574,
1.8314,36.3805438574,
1.8341,36.4248015986,
1.8341,36.4248015986,
1.8368,36.4456263534,
1.8368,36.4456263534,
1.8395,36.4740836681,
1.8395,36.4740836681,
1.8423,36.4240592370,
1.8423,36.4240592370,
1.8450,36.4780310190,
1.8450,36.4780310190,
1.8478,36.4326885514,
1.8478,36.4326885514,
1.8505,36.3849280119,
1.8505,36.3849280119,
1.8533,36.4187756658,
1.8533,36.4187756658,
1.8561,36.4503510228,
1.8561,36.4503510228,
1.8588,36.3936005056,
1.8588,36.3936005056,
1.8616,36.3862663285,
1.8616,36.3862663285,
1.8644,36.4384267255,
1.8644,36.4384267255,
1.8672,36.4381791802,
1.8672,36.4381791802,
1.8700,36.3767693165,
1.8700,36.3767693165,
1.8729,36.4002492263,
1.8729,36.4002492263,
1.8757,36.3923318389,
1.8757,36.3923318389,
1.8785,36.3938102896,
1.8785,36.3938102896,
1.8814,36.4130580679,
1.8814,36.4130580679,
1.8843,36.4014557250,
1.8843,36.4014557250,
1.8871,36.4273662271,
1.8871,36.4273662271,
1.8900,36.4311260197,
1.8900,36.4311260197,
1.8929,36.4124383893,
1.8929,36.4124383893,
1.8958,36.3451180252,
1.8958,36.3451180252,
1.8987,36.4175361079,
1.8987,36.4175361079,
1.9016,36.4256614563,
1.9016,36.4256614563,
1.9045,36.3857794383,
1.9045,36.3857794383,
1.9074,36.3972269277,
1.9074,36.3972269277,
1.9104,36.4403796607,
1.9104,36.4403796607,
1.9133,36.3969172176,
1.9133,36.3969172176,
1.9163,36.3979887227,
1.9163,36.3979887227,
1.9193,36.3946669184,
1.9193,36.3946669184,
1.9222,36.3990078097,
1.9222,36.3990078097,
1.9252,36.3853524743,
1.9252,36.3853524743,
1.9282,36.4338211090,
1.9282,36.4338211090,
1.9312,36.4383867208,
1.9312,36.4383867208,
1.9342,36.4195554048,
1.9342,36.4195554048,
1.9373,36.3853999107,
1.9373,36.3853999107,
1.9403,36.4376990876,
1.9403,36.4376990876,
1.9433,36.4425127584,
1.9433,36.4425127584,
1.9464,36.4195703988,
1.9464,36.4195703988,
1.9494,36.4191005558,
1.9494,36.4191005558,
1.9525,36.4138101997,
1.9525,36.4138101997,
1.9556,36.4388468113,
1.9556,36.4388468113,
1.9587,36.4106843325,
1.9587,36.4106843325,
1.9618,36.4040761707,
1.9618,36.4040761707,
1.9649,36.4344961688,
1.9649,36.4344961688,
1.9680,36.3730375960,
1.9680,36.3730375960,
1.9711,36.3919947023,
1.9711,36.3919947023,
1.9743,36.4165664863,
1.9743,36.4165664863,
1.9774,36.4099497620,
1.9774,36.4099497620,
1.9806,36.3798173754,
1.9806,36.3798173754,
1.9837,36.3788537506,
1.9837,36.3788537506,
1.9869,36.3519973805,
1.9869,36.3519973805,
1.9901,36.3641828533,
1.9901,36.3641828533,
1.9933,36.2503293100,
1.9933,36.2503293100,
1.9965,36.2875801010,
1.9965,36.2875801010,
1.9997,36.2320949258,
1.9997,36.2320949258,
2.0030,36.2179877414,
2.0030,36.2179877414,
2.0062,36.2034860535,
2.0062,36.2034860535,
2.0095,36.1868644731,
2.0095,36.1868644731,
2.0127,36.1812925374,
2.0127,36.1812925374,
2.0160,36.1595940024,
2.0160,36.1595940024,
2.0193,36.1172174145,
2.0193,36.1172174145,
2.0226,36.0860321574,
2.0226,36.0860321574,
2.0259,36.0622055521,
2.0259,36.0622055521,
2.0292,36.0234383567,
2.0292,36.0234383567,
2.0325,36.0065559820,
2.0325,36.0065559820,
2.0359,35.9716473721,
2.0359,35.9716473721,
2.0392,35.9271118547,
2.0392,35.9271118547,
2.0426,35.9200960007,
2.0426,35.9200960007,
2.0459,35.8963075119,
2.0459,35.8963075119,
2.0493,35.8905512667,
2.0493,35.8905512667,
2.0527,35.8155434709,
2.0527,35.8155434709,
2.0561,35.7824799086,
2.0561,35.7824799086,
2.0595,35.7826591615,
2.0595,35.7826591615,
2.0630,35.7553277137,
2.0630,35.7553277137,
2.0664,35.7188561482,
2.0664,35.7188561482,
2.0699,35.7307533831,
2.0699,35.7307533831,
2.0733,35.6753043814,
2.0733,35.6753043814,
2.0768,35.6991791364,
2.0768,35.6991791364,
2.0803,35.7325237219,
2.0803,35.7325237219,
2.0838,35.6618691609,
2.0838,35.6618691609,
2.0873,35.6781027011,
2.0873,35.6781027011,
2.0908,35.6751868726,
2.0908,35.6751868726,
2.0943,35.6515850490,
2.0943,35.6515850490,
2.0979,35.6881764924,
2.0979,35.6881764924,
2.1014,35.7045028639,
2.1014,35.7045028639,
2.1050,35.7355325110,
2.1050,35.7355325110,
2.1086,35.7140866023,
2.1086,35.7140866023,
2.1122,35.7164002196,
2.1122,35.7164002196,
2.1158,35.7117265766,
2.1158,35.7117265766,
2.1194,35.7291032696,
2.1194,35.7291032696,
2.1230,35.7160914013,
2.1230,35.7160914013,
2.1267,35.6871626227,
2.1267,35.6871626227,
2.1303,35.6636923709,
2.1303,35.6636923709,
2.1340,35.6577018150,
2.1340,35.6577018150,
2.1377,35.6541686470,
2.1377,35.6541686470,
2.1414,35.5956384722,
2.1414,35.5956384722,
2.1451,35.5719379269,
2.1451,35.5719379269,
2.1488,35.5535177970,
2.1488,35.5535177970,
2.1525,35.4940031901,
2.1525,35.4940031901,
2.1562,35.4393374489,
2.1562,35.4393374489,
2.1600,35.4544332308,
2.1600,35.4544332308,
2.1638,35.3802421998,
2.1638,35.3802421998,
2.1676,35.3551153161,
2.1676,35.3551153161,
2.1714,35.3323798755,
2.1714,35.3323798755,
2.1752,35.2618728672,
2.1752,35.2618728672,
2.1790,35.2256532559,
2.1790,35.2256532559,
2.1828,35.1937259496,
2.1828,35.1937259496,
2.1867,35.1807255751,
2.1867,35.1807255751,
2.1905,35.0929203596,
2.1905,35.0929203596,
2.1944,35.0640776500,
2.1944,35.0640776500,
2.1983,35.0590827686,
2.1983,35.0590827686,
2.2022,35.0277727525,
2.2022,35.0277727525,
2.2061,34.9797823501,
2.2061,34.9797823501,
2.2101,34.9842017603,
2.2101,34.9842017603,
2.2140,34.9554124199,
2.2140,34.9554124199,
2.2180,34.8897611143,
2.2180,34.8897611143,
2.2219,34.8733047412,
2.2219,34.8733047412,
2.2259,34.8641930513,
2.2259,34.8641930513,
2.2299,34.8713568202,
2.2299,34.8713568202,
2.2339,34.7967621513,
2.2339,34.7967621513,
2.2380,34.7394773926,
2.2380,34.7394773926,
2.2420,34.7055828822,
2.2420,34.7055828822,
2.2461,34.7128307810,
2.2461,34.7128307810,
2.2502,34.6477182963,
2.2502,34.6477182963,
2.2543,34.6596416755,
2.2543,34.6596416755,
2.2584,34.6799022829,
2.2584,34.6799022829,
2.2625,34.6017468450,
2.2625,34.6017468450,
2.2666,34.5807820190,
2.2666,34.5807820190,
2.2708,34.6123147775,
2.2708,34.6123147775,
2.2749,34.5050116998,
2.2749,34.5050116998,
2.2791,34.4877096689,
2.2791,34.4877096689,
2.2833,34.5031719560,
2.2833,34.5031719560,
2.2875,34.4468196532,
2.2875,34.4468196532,
2.2918,34.4392184352,
2.2918,34.4392184352,
2.2960,34.4618166428,
2.2960,34.4618166428,
2.3003,34.4947818857,
2.3003,34.4947818857,
2.3045,34.3416980769,
2.3045,34.3416980769,
2.3088,34.3612021965,
2.3088,34.3612021965,
2.3131,34.3411560559,
2.3131,34.3411560559,
2.3175,34.3320467553,
2.3175,34.3320467553,
2.3218,34.2627412419,
2.3218,34.2627412419,
2.3262,34.2834897214,
2.3262,34.2834897214,
2.3305,34.2445948492,
2.3305,34.2445948492,
2.3349,34.2368033158,
2.3349,34.2368033158,
2.3393,34.2463174025,
2.3393,34.2463174025,
2.3437,34.1403340497,
2.3437,34.1403340497,
2.3482,34.1473584629,
2.3482,34.1473584629,
2.3526,34.1193678236,
2.3526,34.1193678236,
2.3571,34.1043700827,
2.3571,34.1043700827,
2.3616,34.0443235025,
2.3616,34.0443235025,
2.3661,34.0670623447,
2.3661,34.0670623447,
2.3706,34.0308182607,
2.3706,34.0308182607,
2.3752,34.0073825009,
2.3752,34.0073825009,
2.3797,33.9831490019,
2.3797,33.9831490019,
2.3843,33.9111989749,
2.3843,33.9111989749,
2.3889,33.9483919292,
2.3889,33.9483919292,
2.3935,33.9227292256,
2.3935,33.9227292256,
2.3981,33.8833275167,
2.3981,33.8833275167,
2.4028,33.8006623114,
2.4028,33.8006623114,
2.4075,33.7793761735,
2.4075,33.7793761735,
2.4121,33.7732710585,
2.4121,33.7732710585,
2.4168,33.7258584179,
2.4168,33.7258584179,
2.4216,33.7056347612,
2.4216,33.7056347612,
2.4263,33.6439698724,
2.4263,33.6439698724,
2.4311,33.6491787660,
2.4311,33.6491787660,
2.4358,33.5742216791,
2.4358,33.5742216791,
2.4406,33.5823325326,
2.4406,33.5823325326,
2.4454,33.5578860876,
2.4454,33.5578860876,
2.4503,33.5251352195,
2.4503,33.5251352195,
2.4551,33.4550617331,
2.4551,33.4550617331,
2.4600,33.4866135404,
2.4600,33.4866135404,
2.4649,33.4771726754,
2.4649,33.4771726754,
2.4698,33.4103517508,
2.4698,33.4103517508,
2.4747,33.3516507023,
2.4747,33.3516507023,
2.4797,33.3288793430,
2.4797,33.3288793430,
2.4847,33.2827917247,
2.4847,33.2827917247,
2.4896,33.2622357236,
2.4896,33.2622357236,
2.4947,33.2487646554,
2.4947,33.2487646554,
2.4997,33.2348908039,
2.4997,33.2348908039,
2.5047,33.1850342951,
2.5047,33.1850342951,
2.5098,33.2073290888,
2.5098,33.2073290888,
2.5149,33.1343134999,
2.5149,33.1343134999,
2.5200,33.1219943080,
2.5200,33.1219943080,
2.5251,33.1461300428,
2.5251,33.1461300428,
2.5303,33.0874958700,
2.5303,33.0874958700,
2.5355,33.0816088779,
2.5355,33.0816088779,
2.5407,33.0468781101,
2.5407,33.0468781101,
2.5459,33.0256791241,
2.5459,33.0256791241,
2.5511,32.9908780335,
2.5511,32.9908780335,
2.5564,32.9931374943,
2.5564,32.9931374943,
2.5617,33.0092729176,
2.5617,33.0092729176,
2.5670,32.9622361306,
2.5670,32.9622361306,
2.5723,33.0011306216,
2.5723,33.0011306216,
2.5776,32.8989804778,
2.5776,32.8989804778,
2.5830,32.9155780653,
2.5830,32.9155780653,
2.5884,32.8883014743,
2.5884,32.8883014743,
2.5938,32.8961901924,
2.5938,32.8961901924,
2.5992,32.9179046559,
2.5992,32.9179046559,
2.6047,32.8741945282,
2.6047,32.8741945282,
2.6102,32.8764189196,
2.6102,32.8764189196,
2.6157,32.8651901844,
2.6157,32.8651901844,
2.6212,32.8078814745,
2.6212,32.8078814745,
2.6268,32.8020667397,
2.6268,32.8020667397,
2.6324,32.8627793689,
2.6324,32.8627793689,
2.6380,32.7971127606,
2.6380,32.7971127606,
2.6436,32.8614849568,
2.6436,32.8614849568,
2.6492,32.7781410540,
2.6492,32.7781410540,
2.6549,32.7962260310,
2.6549,32.7962260310,
2.6606,32.7899228320,
2.6606,32.7899228320,
2.6663,32.7572470950,
2.6663,32.7572470950,
2.6721,32.7420347202,
2.6721,32.7420347202,
2.6778,32.7640363962,
2.6778,32.7640363962,
2.6836,32.7572695721,
2.6836,32.7572695721,
2.6895,32.7420684277,
2.6895,32.7420684277,
2.6953,32.7103135316,
2.6953,32.7103135316,
2.7012,32.7318424127,
2.7012,32.7318424127,
2.7071,32.6769928283,
2.7071,32.6769928283,
2.7130,32.7461174751,
2.7130,32.7461174751,
2.7190,32.6787419253,
2.7190,32.6787419253,
2.7249,32.5912808468,
2.7249,32.5912808468,
2.7309,32.5887179331,
2.7309,32.5887179331,
2.7370,32.6428481315,
2.7370,32.6428481315,
2.7430,32.6195489352,
2.7430,32.6195489352,
2.7491,32.5408758081,
2.7491,32.5408758081,
2.7552,32.5728081988,
2.7552,32.5728081988,
2.7613,32.5423161461,
2.7613,32.5423161461,
2.7675,32.5719498836,
2.7675,32.5719498836,
2.7737,32.5235386934,
2.7737,32.5235386934,
2.7799,32.5209208490,
2.7799,32.5209208490,
2.7862,32.5038575648,
2.7862,32.5038575648,
2.7924,32.4657763977,
2.7924,32.4657763977,
2.7987,32.4725498517,
2.7987,32.4725498517,
2.8051,32.3577040317,
2.8051,32.3577040317,
2.8114,32.4230582100,
2.8114,32.4230582100,
2.8178,32.3368761349,
2.8178,32.3368761349,
2.8242,32.3594715721,
2.8242,32.3594715721,
2.8307,32.3459465974,
2.8307,32.3459465974,
2.8372,32.2834659969,
2.8372,32.2834659969,
2.8437,32.3037540694,
2.8437,32.3037540694,
2.8502,32.2808143083,
2.8502,32.2808143083,
2.8568,32.2335723995,
2.8568,32.2335723995,
2.8634,32.2113013980,
2.8634,32.2113013980,
2.8700,32.1817418080,
2.8700,32.1817418080,
2.8767,32.1419624285,
2.8767,32.1419624285,
2.8834,32.1308941410,
2.8834,32.1308941410,
2.8901,32.1112302621,
2.8901,32.1112302621,
2.8968,32.0939899143,
2.8968,32.0939899143,
2.9036,32.0216028164,
2.9036,32.0216028164,
2.9104,31.9598408355,
2.9104,31.9598408355,
2.9173,31.9344935750,
2.9173,31.9344935750,
2.9242,31.9397577964,
2.9242,31.9397577964,
2.9311,31.8919338785,
2.9311,31.8919338785,
2.9380,31.8449966694,
2.9380,31.8449966694,
2.9450,31.8085255851,
2.9450,31.8085255851,
2.9520,31.7740760226,
2.9520,31.7740760226,
2.9591,31.7345827841,
2.9591,31.7345827841,
2.9661,31.6676129764,
2.9661,31.6676129764,
2.9732,31.6691189748,
2.9732,31.6691189748,
2.9804,31.5839222289,
2.9804,31.5839222289,
2.9876,31.5081684832,
2.9876,31.5081684832,
2.9948,31.4622775396,
2.9948,31.4622775396,
3.0020,31.5133494605,
3.0020,31.5133494605,
3.0093,31.4334592409,
3.0093,31.4334592409,
3.0166,31.3663607683,
3.0166,31.3663607683,
3.0240,31.3432650391,
3.0240,31.3432650391,
3.0314,31.2870578794,
3.0314,31.2870578794,
3.0388,31.2620940285,
3.0388,31.2620940285,
3.0463,31.1899030422,
3.0463,31.1899030422,
3.0538,31.1748174023,
3.0538,31.1748174023,
3.0613,31.1726867357,
3.0613,31.1726867357,
3.0689,31.0692855354,
3.0689,31.0692855354,
3.0765,30.9614379907,
3.0765,30.9614379907,
3.0842,30.9206503997,
3.0842,30.9206503997,
3.0919,30.9480258757,
3.0919,30.9480258757,
3.0996,30.7522581223,
3.0996,30.7522581223,
3.1074,30.7792395009,
3.1074,30.7792395009,
3.1152,30.6488381193,
3.1152,30.6488381193,
3.1230,30.6578537407,
3.1230,30.6578537407,
3.1309,30.5842414147,
3.1309,30.5842414147,
3.1388,30.5149516875,
3.1388,30.5149516875,
3.1468,30.5321944356,
3.1468,30.5321944356,
3.1548,30.4312184830,
3.1548,30.4312184830,
3.1629,30.3446705328,
3.1629,30.3446705328,
3.1710,30.3164265549,
3.1710,30.3164265549,
3.1791,30.2009153326,
3.1791,30.2009153326,
3.1873,30.1260102416,
3.1873,30.1260102416,
3.1955,30.0283268988,
3.1955,30.0283268988,
3.2037,29.9949470075,
3.2037,29.9949470075,
3.2120,29.8517956430,
3.2120,29.8517956430,
3.2204,29.6695459902,
3.2204,29.6695459902,
3.2288,29.6536532020,
3.2288,29.6536532020,
3.2372,29.5589132067,
3.2372,29.5589132067,
3.2457,29.4102412902,
3.2457,29.4102412902,
3.2542,29.3710618415,
3.2542,29.3710618415,
3.2627,29.1696040754,
3.2627,29.1696040754,
3.2714,29.0672336626,
3.2714,29.0672336626,
3.2800,28.9574756418,
3.2800,28.9574756418,
3.2887,28.8912131918,
3.2887,28.8912131918,
3.2975,28.6681026665,
3.2975,28.6681026665,
3.3062,28.5010191008,
3.3062,28.5010191008,
3.3151,28.3769981321,
3.3151,28.3769981321,
3.3240,28.1649508828,
3.3240,28.1649508828,
3.3329,28.0130576863,
3.3329,28.0130576863,
3.3419,27.8690052320,
3.3419,27.8690052320,
3.3509,27.5687711880,
3.3509,27.5687711880,
3.3600,27.2856613074,
3.3600,27.2856613074,
3.3691,26.9818077164,
3.3691,26.9818077164,
3.3783,26.8561141264,
3.3783,26.8561141264,
3.3875,26.5868607174,
3.3875,26.5868607174,
3.3968,26.2579057174,
3.3968,26.2579057174,
3.4062,25.9016337116,
3.4062,25.9016337116,
3.4155,25.5814448113,
3.4155,25.5814448113,
3.4250,25.2008661283,
3.4250,25.2008661283,
3.4345,24.9794303978,
3.4345,24.9794303978,
3.4440,24.6378673241,
3.4440,24.6378673241,
3.4536,24.2414713306,
3.4536,24.2414713306,
3.4632,23.9736038232,
3.4632,23.9736038232,
3.4729,23.6847076542,
3.4729,23.6847076542,
3.4827,23.3796760413,
3.4827,23.3796760413,
3.4925,23.0293531530,
3.4925,23.0293531530,
3.5024,22.7759204043,
3.5024,22.7759204043,
3.5123,22.4663961691,
3.5123,22.4663961691,
3.5223,22.2287360118,
3.5223,22.2287360118,
3.5323,21.9381706956,
3.5323,21.9381706956,
3.5424,21.6828742140,
3.5424,21.6828742140,
3.5526,21.6445849236,
3.5526,21.6445849236,
3.5628,21.3767124380,
3.5628,21.3767124380,
3.5730,20.9172049687,
3.5730,20.9172049687,
3.5834,20.9301963956,
3.5834,20.9301963956,
3.5937,20.7927238882,
3.5937,20.7927238882,
3.6042,20.4211376254,
3.6042,20.4211376254,
3.6147,20.3444628843,
3.6147,20.3444628843,
3.6253,20.1117558600,
3.6253,20.1117558600,
3.6359,19.7380416018,
3.6359,19.7380416018,
3.6466,19.6567353570,
3.6466,19.6567353570,
3.6574,19.5290529661,
3.6574,19.5290529661,
3.6682,19.2721104290,
3.6682,19.2721104290,
3.6791,19.1955527119,
3.6791,19.1955527119,
3.6900,19.0197413650,
3.6900,19.0197413650,
3.7010,18.8408024839,
3.7010,18.8408024839,
3.7121,18.5863506419,
3.7121,18.5863506419,
3.7232,18.4501403763,
3.7232,18.4501403763,
3.7345,18.3175351462,
3.7345,18.3175351462,
3.7457,18.2677781605,
3.7457,18.2677781605,
3.7571,18.1614344437,
3.7571,18.1614344437,
3.7685,17.8753496560,
3.7685,17.8753496560,
3.7800,17.8801170490,
3.7800,17.8801170490,
3.7916,17.6786428118,
3.7916,17.6786428118,
3.8032,17.6004298222,
3.8032,17.6004298222,
3.8149,17.6780871961,
3.8149,17.6780871961,
3.8267,17.5491545384,
3.8267,17.5491545384,
3.8385,17.5629728917,
3.8385,17.5629728917,
3.8504,17.4751259960,
3.8504,17.4751259960,
3.8624,17.3337296542,
3.8624,17.3337296542,
3.8745,17.4185897463,
3.8745,17.4185897463,
3.8867,17.3850531237,
3.8867,17.3850531237,
3.8989,17.2585537441,
3.8989,17.2585537441,
3.9112,17.3150577154,
3.9112,17.3150577154,
3.9236,17.3110135534,
3.9236,17.3110135534,
3.9360,17.1018633601,
3.9360,17.1018633601,
3.9485,17.1609276563,
3.9485,17.1609276563,
3.9612,17.1608570005,
3.9612,17.1608570005,
3.9739,17.1079740606,
3.9739,17.1079740606,
3.9866,17.1266342344,
3.9866,17.1266342344,
3.9995,17.0468716006,
3.9995,17.0468716006,
4.0124,17.0311754799,
4.0124,17.0311754799,
4.0255,17.0890293158,
4.0255,17.0890293158,
4.0386,17.0368704344,
4.0386,17.0368704344,
4.0518,17.1015511938,
4.0518,17.1015511938,
4.0651,17.0337281525,
4.0651,17.0337281525,
4.0784,17.1295656101,
4.0784,17.1295656101,
4.0919,17.0945113494,
4.0919,17.0945113494,
4.1054,17.1068728926,
4.1054,17.1068728926,
4.1191,17.0576862945,
4.1191,17.0576862945,
4.1328,17.0236505852,
4.1328,17.0236505852,
4.1466,16.9925720678,
4.1466,16.9925720678,
4.1605,17.1551323721,
4.1605,17.1551323721,
4.1746,17.1434959077,
4.1746,17.1434959077,
4.1887,17.0337398445,
4.1887,17.0337398445,
4.2029,17.0881287130,
4.2029,17.0881287130,
4.2171,16.9578889177,
4.2171,16.9578889177,
4.2315,16.8548511967,
4.2315,16.8548511967,
4.2460,16.9294187142,
4.2460,16.9294187142,
4.2606,16.9236946398,
4.2606,16.9236946398,
4.2753,16.8916649185,
4.2753,16.8916649185,
4.2901,16.9385570775,
4.2901,16.9385570775,
4.3050,17.0495202283,
4.3050,17.0495202283,
4.3200,16.8962998218,
4.3200,16.8962998218,
4.3351,16.8836455292,
4.3351,16.8836455292,
4.3503,16.8656042490,
4.3503,16.8656042490,
4.3656,16.8165458956,
4.3656,16.8165458956,
4.3811,16.8874090706,
4.3811,16.8874090706,
4.3966,16.9220920607,
4.3966,16.9220920607,
4.4122,16.8873233145,
4.4122,16.8873233145,
4.4280,16.8395837900,
4.4280,16.8395837900,
4.4439,16.7668800419,
4.4439,16.7668800419,
4.4599,16.8326725744,
4.4599,16.8326725744,
4.4760,16.8969908773,
4.4760,16.8969908773,
4.4922,16.7983757371,
4.4922,16.7983757371,
4.5085,16.8214072070,
4.5085,16.8214072070,
4.5250,16.7578963917,
4.5250,16.7578963917,
4.5415,16.8653519471,
4.5415,16.8653519471,
4.5582,16.8090512371,
4.5582,16.8090512371,
4.5751,16.7385214625,
4.5751,16.7385214625,
4.5920,16.7343799881,
4.5920,16.7343799881,
4.6091,16.6946597375,
4.6091,16.6946597375,
4.6263,16.7231436838,
4.6263,16.7231436838,
4.6436,16.6893219646,
4.6436,16.6893219646,
4.6611,16.6211536140,
4.6611,16.6211536140,
4.6786,16.6744447900,
4.6786,16.6744447900,
4.6964,16.6560761299,
4.6964,16.6560761299,
4.7142,16.5891841994,
4.7142,16.5891841994,
4.7322,16.6694337702,
4.7322,16.6694337702,
4.7504,16.6241399298,
4.7504,16.6241399298,
4.7686,16.7279045301,
4.7686,16.7279045301,
4.7870,16.6010664061,
4.7870,16.6010664061,
4.8056,16.4949370243,
4.8056,16.4949370243,
4.8243,16.5817908696,
4.8243,16.5817908696,
4.8431,16.5058274411,
4.8431,16.5058274411,
4.8621,16.4641774634,
4.8621,16.4641774634,
4.8813,16.3908110478,
4.8813,16.3908110478,
4.9006,16.4863660751,
4.9006,16.4863660751,
4.9200,16.3842481683,
4.9200,16.3842481683,
4.9396,16.3786477316,
4.9396,16.3786477316,
4.9594,16.2488459989,
4.9594,16.2488459989,
4.9793,16.2713093890,
4.9793,16.2713093890,
4.9994,16.1441839553,
4.9994,16.1441839553,
5.0196,16.0822213390,
5.0196,16.0822213390,
5.0400,16.0249121959,
5.0400,16.0249121959,
5.0606,15.8871563215,
5.0606,15.8871563215,
5.0813,15.8223035437,
5.0813,15.8223035437,
5.1022,15.7310572867,
5.1022,15.7310572867,
5.1233,15.5586815574,
5.1233,15.5586815574,
5.1446,15.4594494523,
5.1446,15.4594494523,
5.1660,15.3880679508,
5.1660,15.3880679508,
5.1876,15.2803370391,
5.1876,15.2803370391,
5.2094,15.0940432371,
5.2094,15.0940432371,
5.2314,14.9465841029,
5.2314,14.9465841029,
5.2536,14.8353639755,
5.2536,14.8353639755,
5.2759,14.7556689271,
5.2759,14.7556689271,
5.2985,14.6051077886,
5.2985,14.6051077886,
5.3212,14.5491281400,
5.3212,14.5491281400,
5.3441,14.4254325585,
5.3441,14.4254325585,
5.3673,14.3580411572,
5.3673,14.3580411572,
5.3906,14.2061686586,
5.3906,14.2061686586,
5.4142,14.2322506113,
5.4142,14.2322506113,
5.4379,14.1757485605,
5.4379,14.1757485605,
5.4619,14.1300688828,
5.4619,14.1300688828,
5.4860,14.1980620779,
5.4860,14.1980620779,
5.5104,14.2082920629,
5.5104,14.2082920629,
5.5350,14.2826371173,
5.5350,14.2826371173,
5.5598,14.2700874412,
5.5598,14.2700874412,
5.5849,14.2406933297,
5.5849,14.2406933297,
5.6101,14.3322105921,
5.6101,14.3322105921,
5.6356,14.3114008630,
5.6356,14.3114008630,
5.6614,14.3157600117,
5.6614,14.3157600117,
5.6873,14.4413471682,
5.6873,14.4413471682,
5.7136,14.3725045068,
5.7136,14.3725045068,
5.7400,14.4393494505,
5.7400,14.4393494505,
5.7667,14.4102593221,
5.7667,14.4102593221,
5.7937,14.5275229369,
5.7937,14.5275229369,
5.8209,14.5107286835,
5.8209,14.5107286835,
5.8483,14.6687457799,
5.8483,14.6687457799,
5.8760,14.8978132253,
5.8760,14.8978132253,
5.9040,14.8505384615,
5.9040,14.8505384615,
5.9323,15.1428828944,
5.9323,15.1428828944,
5.9608,15.2825098367,
5.9608,15.2825098367,
5.9896,15.4036703597,
5.9896,15.4036703597,
6.0187,15.3917178007,
6.0187,15.3917178007,
6.0480,15.7250650293,
6.0480,15.7250650293,
6.0777,15.9343059730,
6.0777,15.9343059730,
6.1076,16.0417063153,
6.1076,16.0417063153,
6.1378,16.5232071992,
6.1378,16.5232071992,
6.1684,17.2954112811,
6.1684,17.2954112811,
6.1992,17.6026547008,
6.1992,17.6026547008,

